{
    "id": 0,
    "title": "666",
    "description": "666",
    "response": "666",
    "toDoTag": 1,
    "toDoPos": {
        "x": 0.9739418029785156,
        "y": -2.1400084495544435,
        "z": 7.218097686767578
    },
    "toDoLocalPos": {
        "x": 58.969627380371097,
        "y": -205.9773406982422,
        "z": -1.509133219718933
    },
    "posOffset": {
        "x": -0.9739418029785156,
        "y": 2.1400084495544435,
        "z": -7.218097686767578
    },
    "parentName": "808817",
    "saveTime": "2022/3/15 下午 01:43:57"
}